model	metric	score	adjusted_score	Intercept	space_size_log	gini_user	gini_item	average_degree_user_log	average_degree_item_log	average_clustering_coef_dot_user_log	average_clustering_coef_dot_item_log	degree_assort_user	degree_assort_item	p_Intercept	p_space_size_log	p_gini_user	p_gini_item	p_average_degree_user_log	p_average_degree_item_log	p_average_clustering_coef_dot_user_log	p_average_clustering_coef_dot_item_log	p_degree_assort_user	p_degree_assort_item
AsymUserKNN	ndcg	0.44014537135570153	0.40979180715209496	0.06057727272727274	0.267375104730179	-0.07387181276205705	-0.057769363428267495	0.11788837221632022	-0.021287238537336273	0.15344834094975693	0.005882863525930815	-0.17130826204262511	-0.0008438766495963397	0.0	0.0009457457967908927	0.1441533227555436	0.5172210251046105	0.0024481826579582644	0.7817169518647851	1.312564935300171e-16	0.8865317029186204	9.489660448842339e-09	0.7548870583006652
ALS	ndcg	0.4632894426935211	0.4341906775383506	0.06558693181818182	0.3074436786014255	-0.08740859475658073	-0.03608776837442984	0.1491335623711038	-0.01720840733323359	0.1560690386240879	0.006876417231372403	-0.14711620283612764	0.0007561949788629412	0.0	0.00010347123766206741	0.10292632092705947	0.6577285586812928	8.682435349694905e-05	0.812568645813565	1.620861597231291e-21	0.8650405662025917	1.4934245085500877e-07	0.7797094186282059
UltraGCN	ndcg	0.4158271264882131	0.3841551032255258	0.06183352272727272	0.2787006357522448	-0.1384892535938338	0.009801011761511269	0.14993956381200782	-0.08110154619663268	0.17437561258380985	-0.016487736816786794	-0.17740252121051742	0.0015355485928965815	0.0	0.010720989761057256	0.012026141647175182	0.9176063952932538	0.0031803072095616955	0.3636610819175057	1.679522300234386e-22	0.7207144566695031	2.5315291149486374e-07	0.7145572064743564
XSimGCL	ndcg	0.4906092948541565	0.4629917265028758	0.061724431818181824	0.2952626944046861	-0.09304872073113474	-0.11340382783393688	0.11787676430415714	0.018687558359588963	0.15902971069064353	0.01505990739296681	-0.16715259295386703	0.0006470057877327852	0.0	7.157880665339249e-05	0.05211824650343468	0.1499917901442979	0.000796742217405872	0.7818367132758618	2.1298757721812937e-26	0.6875307601984235	2.182824944885176e-10	0.8034053756926127
AsymUserKNN	itemcoverage	0.6976359704327485	0.6812427399140422	0.1053590909090909	0.1987032831882416	-0.09813820824697346	-0.0180612956992523	-0.01486902961061265	0.07344980784649413	-0.12096179073007299	-0.06796752600089023	0.12531877214214038	9.803655392244884e-05	0.0	0.03798921668578384	0.0871259318999687	0.8359652217386264	0.7353811225018809	0.39793535175523	1.9747391672063074e-15	0.1259240551682824	1.8275784270024513e-05	0.9724824361592492
ALS	itemcoverage	0.7941484865835028	0.7829878623621265	0.0894471590909091	-0.0038252472986330943	-0.18263469992030873	-0.05832420262956506	0.06519948716894206	0.16012297799976183	-0.0416468862661185	-0.008392811444468878	0.002997515278227336	0.0004292698149635458	0.0	0.9453060883172499	2.353967933356927e-07	0.3088271033008243	0.011428289916068307	0.0011703494055445214	2.092034263451569e-05	0.7533966454472566	0.868379392321617	0.7905919415552712
UltraGCN	itemcoverage	0.3062034095127074	0.26858793171520357	0.06840340909090908	-0.1467379300752477	-0.262760774420556	0.3691759489761449	-0.009660570926058043	-0.4245520285879234	-0.051599982748320165	-0.29322245920771367	-0.08187741904785906	0.004520649162870501	0.0	0.5178754745560465	0.02846082977643648	0.061949174043799946	0.9295543239611627	0.021007935798139712	0.1695804253281552	0.0007875346521488186	0.25156132544041676	0.6148452243332512
XSimGCL	itemcoverage	0.4183882232013415	0.38685505457972746	0.09800681818181818	-0.1111301356444605	-0.1305351451655707	0.13432296224006002	0.043753358077892324	0.22239244808103398	-0.09095998719739978	-0.02765630639829532	0.10463098054525921	-0.0017049592554747115	0.0	0.5436354579130387	0.3716303766311654	0.5429394115268005	0.6713911627867633	0.2507325198683823	0.006955647552235197	0.7890334682891068	0.09323976281857896	0.7870399016480594
AsymUserKNN	averagepopularity	0.8679120230040722	0.8607506266609195	96.25463125	-486.0685060041608	25.787527405847072	-9.450398363595127	-139.8271259985587	266.72504108518797	189.26851928683988	59.1942507847411	129.8433058169229	1.8433192172787436	0.0	0.00014199918165454811	0.7360031104426834	0.9354730190656507	0.01019496509772512	0.016018299660749528	1.4311204655810923e-09	0.3056579731212319	0.014693554488965975	0.6146302077308687
ALS	averagepopularity	0.900782733799981	0.8954034844276908	71.04693011363636	-178.48137364911895	-2.8491131660364815	15.947971653769287	-47.09891235228949	129.2911305540888	114.00236665478481	21.67213867146006	64.5740477754787	-0.48005444165231026	0.0	0.008316599070365183	0.9418486949013223	0.7716124057059418	0.08787692003419435	0.015568212306373152	1.3008747689887626e-10	0.4305697021068863	0.01897509944164402	0.7904033369210873
UltraGCN	averagepopularity	0.42292117832157816	0.39163377232696495	96.39547443181817	-177.46044422024534	187.1137753592734	-198.31484082062173	-136.38837603938265	492.2401058073697	123.01376446113818	199.75072163210586	209.3967322431858	-7.853708535049854	0.0	0.5705501648274182	0.1952942087550883	0.36949733229757353	0.2992833055952394	0.03192870212427516	0.00511907558205791	0.03493521702861358	0.024325877371001302	0.54034219876408
XSimGCL	averagepopularity	0.6382806237340275	0.6186693322497278	71.38748011363636	-167.51222926442188	-4.190906637219314	-0.6896945011630464	-73.39550717041136	106.58894563119145	133.75501099839207	36.90585507115284	28.7532168741985	0.739241482108568	0.0	0.18574971120905015	0.9649206491519188	0.9962939074730989	0.24743106475200105	0.3947094813191354	3.3917073037262853e-09	0.5777376807644825	0.5448539251226434	0.8555090386159151
AsymUserKNN	tailpercentage	0.0693642781995304	0.01890812460793867	0.009973295454545455	-0.011090409139667606	0.03444300904404033	0.027674528344814604	-0.011622433889123443	-0.029845135852573063	-0.005623268014660492	-0.025064217247272667	0.03002204313396466	-0.0012181165050387543	0.0	0.8010537610113551	0.2817598859459757	0.594242689410684	0.6443530475898345	0.5061657404448208	0.5526724559865157	0.27433821140604764	0.06705483817875614	0.4431507548992353
ALS	tailpercentage	0.08328208134751203	0.03358050744466634	0.00018352272727272732	-0.004122826272238384	0.005193194376786428	0.0025257948300985503	-0.00465949816797623	-0.0024846000346343453	-2.2951273256954015e-05	-0.0009510225939502319	-0.00021385203691263595	-9.548126017390097e-05	1.9342446301131898e-19	0.2112857937532151	0.023637353186382434	0.6259366455647244	0.009982023284627353	0.5495618975908674	0.9778500049883878	0.6678118314733505	0.8571950345692105	0.43000493469465406
UltraGCN	tailpercentage	0.08062533227864543	0.030779717763632197	0.00021761363636363645	-0.007844396020895551	-0.001796424062762543	0.006945770662375378	-7.664370688696231e-05	-0.007104932824870891	-0.00042363294759219526	-0.00419732772893112	-0.000533752860830561	0.00016751793676614984	2.782416462594097e-33	0.023157184862852558	0.4066040599972891	0.06064044655303383	0.9666405401671833	0.04227022261968962	0.463336141418645	0.024988081820061535	0.5910101292552292	0.17677737309674635
XSimGCL	tailpercentage	0.12586255173165306	0.07846955754842944	0.006263068181818183	-0.07766004492170445	0.053425378297145124	0.08701898589418294	-0.006891923437322013	-0.029149261401328074	-0.003614370401970079	-0.033754041365270306	0.006194998755602154	-0.0008247595858996327	2.955964992970657e-126	0.14122899335557226	0.14019210432082194	0.13191512754074394	0.8085481468726193	0.5493810601421307	0.7245601053744735	0.1784742445210511	0.6987600158383676	0.6126892670660697
